00001,CV SINAR TANJUNG MANDIRI,MEDAN
00002,CV SINAR TANJUNG MANDIRI,MEDAN
00003,CV SINAR TANJUNG MANDIRI,MEDAN
00004,CV SINAR TANJUNG MANDIRI,MEDAN
00005,CV SINAR TANJUNG MANDIRI,MEDAN
00006,CV SINAR TANJUNG MANDIRI,MEDAN
00007,CV SINAR TANJUNG MANDIRI,MEDAN
00008,CV SINAR JASA ABADI,MEDAN
00009,CV SINAR JASA ABADI,MEDAN
00010,CV SINAR JASA ABADI,MEDAN
00011,CV SINAR JASA ABADI,MEDAN
00012,CV SINAR JASA ABADI,MEDAN
00013,PT. BATAM JAYA ELEKTRONIK,PEKANBARU
00014,PT. BATAM JAYA ELEKTRONIK,PEKANBARU
00015,PT. BATAM JAYA ELEKTRONIK,PEKANBARU
00016,PT. BATAM JAYA ELEKTRONIK,PEKANBARU
00017,PT. BATAM JAYA ELEKTRONIK,PEKANBARU
00018,PT. BATAM JAYA ELEKTRONIK,PEKANBARU
00019,PT. BATAM JAYA ELEKTRONIK,PEKANBARU
00020,PT. BATAM JAYA ELEKTRONIK,PEKANBARU
00021,PT. BATAM JAYA ELEKTRONIK,PEKANBARU
00022,PT. BATAM JAYA ELEKTRONIK,PEKANBARU
00023,PT. BATAM JAYA ELEKTRONIK,PEKANBARU
00024,PT. BATAM JAYA ELEKTRONIK,PEKANBARU
00025,PT. BATAM JAYA ELEKTRONIK,PEKANBARU
00026,PT. BATAM JAYA ELEKTRONIK,PEKANBARU
00027,PT. BATAM JAYA ELEKTRONIK,PEKANBARU
00028,PT. BATAM JAYA ELEKTRONIK,PEKANBARU
00029,PT. BATAM JAYA ELEKTRONIK,PEKANBARU
00030,PT. BATAM JAYA ELEKTRONIK,PEKANBARU
00031,PT. BATAM JAYA ELEKTRONIK,PEKANBARU
00032,PT. BATAM JAYA ELEKTRONIK,PEKANBARU
00033,PT. BATAM JAYA ELEKTRONIK,PEKANBARU
00034,PT. BATAM JAYA ELEKTRONIK,PEKANBARU
00035,PT. BATAM JAYA ELEKTRONIK,PEKANBARU
00036,PT. BATAM JAYA ELEKTRONIK,PEKANBARU
00037,PT. BATAM JAYA ELEKTRONIK,PEKANBARU
00038,PT. SENTRAL PANAM ELEKTRONIK,PEKANBARU
00039,PT. SENTRAL PANAM ELEKTRONIK,PEKANBARU
00040,PT. SUPER BINTANG SEJAHTERA,PEKANBARU
00041,PT. SUPER BINTANG SEJAHTERA,PEKANBARU
00042,PT. SUPER BINTANG SEJAHTERA,PEKANBARU
00043,PT. SUPER BINTANG SEJAHTERA,PEKANBARU
00044,PT. SUPER BINTANG SEJAHTERA,PEKANBARU
00045,PT. SUPER BINTANG SEJAHTERA,PEKANBARU
00046,CV. FZS,CIREBON
00047,CV. LEO JAYA,CIREBON
00048,CV. LEO JAYA,CIREBON
00049,CV. LEO JAYA,CIREBON
00050,CV. LEO JAYA,CIREBON
00051,CV. LEO JAYA,CIREBON
00052,CV. LEO JAYA,CIREBON
00053,CV. LEO JAYA,CIREBON
00054,CV. LEO JAYA,CIREBON
00055,PT. A. TAKRIB GRUP,YOGYAKARTA
00056,PT. A. TAKRIB GRUP,YOGYAKARTA
00057,PT. A. TAKRIB GRUP,YOGYAKARTA
00058,PT. A. TAKRIB GRUP,YOGYAKARTA
00059,PT. A. TAKRIB GRUP,YOGYAKARTA
00060,PT. CANDI JITU INDONESIA,YOGYAKARTA
00061,PT. CANDI JITU INDONESIA,YOGYAKARTA
00062,PT. CANDI JITU INDONESIA,YOGYAKARTA
00063,PT. CANDI JITU INDONESIA,YOGYAKARTA
00064,PT. CANDI JITU INDONESIA,YOGYAKARTA
00065,PT. CANDI JITU INDONESIA,YOGYAKARTA
00066,PT. CANDI JITU INDONESIA,YOGYAKARTA
00067,PT. CANDI JITU INDONESIA,YOGYAKARTA
00068,PT. CANDI JITU INDONESIA,YOGYAKARTA
00069,PT. CANDI JITU INDONESIA,YOGYAKARTA
00070,PT. CANDI JITU INDONESIA,YOGYAKARTA
00071,PT. CANDI JITU INDONESIA,YOGYAKARTA
00072,PT. CANDI JITU INDONESIA,YOGYAKARTA
00073,PT. CANDI JITU INDONESIA,YOGYAKARTA
00074,PT. CANDI JITU INDONESIA,YOGYAKARTA
00075,PT. CANDI JITU INDONESIA,YOGYAKARTA
00076,PT. CANDI JITU INDONESIA,YOGYAKARTA
00077,PT. CANDI JITU INDONESIA,YOGYAKARTA
00078,PT. CANDI JITU INDONESIA,YOGYAKARTA
00079,PT. CANDI JITU INDONESIA,YOGYAKARTA
00080,PT. CANDI JITU INDONESIA,YOGYAKARTA
00081,PT. CANDI JITU INDONESIA,YOGYAKARTA
00082,PT. CANDI JITU INDONESIA,YOGYAKARTA
00083,PT. CANDI JITU INDONESIA,YOGYAKARTA
00084,PT. CANDI JITU INDONESIA,YOGYAKARTA
00085,PT. CANDI JITU INDONESIA,YOGYAKARTA
00086,PT. CANDI JITU INDONESIA,YOGYAKARTA
00087,PT. CANDI JITU INDONESIA,YOGYAKARTA
00088,PT. CANDI JITU INDONESIA,YOGYAKARTA
00089,PT. CANDI JITU INDONESIA,YOGYAKARTA
00090,CV. MEGA EC,YOGYAKARTA
00091,CV. MEGA EC,YOGYAKARTA
00092,CV. MEGA EC,YOGYAKARTA
00093,CV. MEGA EC,YOGYAKARTA
00094,NG HUANG FEI ALIAS SUKARDJO,YOGYAKARTA
00095,NG HUANG FEI ALIAS SUKARDJO,YOGYAKARTA
00096,PT. BINA KARYA SULUT SEJATI,MANADO
00097,PT. BINA KARYA SULUT SEJATI,MANADO
00098,PT. BINA KARYA SULUT SEJATI,MANADO
00099,PT. LEXINDO MITRA JAYA ,SAMARINDA
00100,PT. LEXINDO MITRA JAYA ,SAMARINDA
00101,PT. LEXINDO MITRA JAYA ,SAMARINDA
00102,PT. LEXINDO MITRA JAYA ,SAMARINDA
00103,PT. LEXINDO MITRA JAYA ,SAMARINDA
00104,PT. JASPERINDO RAYA PERKASA,MAKASSAR
00105,PT. JASPERINDO RAYA PERKASA,MAKASSAR
00106,PT. JASPERINDO RAYA PERKASA,MAKASSAR
00107,PT. JASPERINDO RAYA PERKASA,MAKASSAR
00108,PT. JASPERINDO RAYA PERKASA,MAKASSAR
00109,CV. SUMBER SELARAS,LAMPUNG
00110,CV. SUMBER SELARAS,LAMPUNG
00111,CV. SUMBER SELARAS,LAMPUNG
00112,CV. SUMBER SELARAS,LAMPUNG
00113,CV. SUMBER SELARAS,LAMPUNG
00114,CV. SUMBER SELARAS,LAMPUNG
00115,CV. SUMBER SELARAS,LAMPUNG
00116,CV. SUMBER SELARAS,LAMPUNG
00117,CV. SUMBER SELARAS,LAMPUNG
00118,CV. SUMBER SELARAS,LAMPUNG
00119,RAJA ELEKTRONIK,LAMPUNG
00120,RAJA ELEKTRONIK,LAMPUNG
00121,RAJA ELEKTRONIK,LAMPUNG
00122,PT. UTAMA NIAGA LESTARI,BANJARMASIN
00123,PT. UTAMA NIAGA LESTARI,BANJARMASIN
00124,PT. UTAMA NIAGA LESTARI,BANJARMASIN
00125,PT. PUTRA NIAGA LESTARI,BANJARMASIN
00126,PT. PUTRA NIAGA LESTARI,BANJARMASIN
00127,PT. ABADI LANGGENG LESTARI,JAKARTA
00128,PT. ABADI LANGGENG LESTARI,JAKARTA
00129,PT. ABADI LANGGENG LESTARI,JAKARTA
00130,PT. ABADI LANGGENG LESTARI,JAKARTA
00131,PT. BAHAGIA SUKSES SENTOSA,JAKARTA
00132,PT. BAHAGIA SUKSES SENTOSA,JAKARTA
00133,PT. BAHAGIA SUKSES SENTOSA,JAKARTA
00134,PT. BAHAGIA SUKSES SENTOSA,JAKARTA
00135,PT. BAHAGIA SUKSES SENTOSA,JAKARTA
00136,PT. BAHAGIA SUKSES SENTOSA,JAKARTA
00137,PT. GLOBAL PRIMA ELEKTRINDO,JAKARTA
00138,PT. GLOBAL PRIMA ELEKTRINDO,JAKARTA
00139,PT. GLOBAL PRIMA ELEKTRINDO,JAKARTA
00140,PT. KOSHIMA UTAMA AGUNG,JAKARTA
00141,PT. KOSHIMA UTAMA AGUNG,JAKARTA
00142,PT. KOSHIMA UTAMA AGUNG,JAKARTA
00143,PT. KHARISMA KREASI PRATAMA,JAKARTA
00144,PT. MELODY,JAKARTA
00145,PT. MELODY,JAKARTA
00146,PT. MEGA MITRA LESTARI,JAKARTA
00147,PT. NAGA TIMUR MANDIRI,JAKARTA
00148,PT. NAGA TIMUR MANDIRI,JAKARTA
00149,PT. NAGA TIMUR MANDIRI,JAKARTA
00150,PT. NAGA TIMUR MANDIRI,JAKARTA
00151,PT. NAGA TIMUR MANDIRI,JAKARTA
00152,PT. PIXEL PERDANA JAYA,JAKARTA
00153,PT. PIXEL PERDANA JAYA,JAKARTA
00154,PT. PIXEL PERDANA JAYA,JAKARTA
00155,PT. PIXEL PERDANA JAYA,JAKARTA
00156,PT. PIXEL PERDANA JAYA,JAKARTA
00157,PT. PIXEL PERDANA JAYA,JAKARTA
00158,PT. PIXEL PERDANA JAYA,JAKARTA
00159,PT. PIXEL PERDANA JAYA,JAKARTA
00160,PT. PIXEL PERDANA JAYA,JAKARTA
00161,PT. PIXEL PERDANA JAYA,JAKARTA
00162,PT. PIXEL PERDANA JAYA,JAKARTA
00163,PT. PIXEL PERDANA JAYA,JAKARTA
00164,PT. PIXEL PERDANA JAYA,JAKARTA
00165,PT. PIXEL PERDANA JAYA,JAKARTA
00166,PT. PIXEL PERDANA JAYA,JAKARTA
00167,PT. PIXEL PERDANA JAYA,JAKARTA
00168,PT. PIXEL PERDANA JAYA,JAKARTA
00169,PT. PIXEL PERDANA JAYA,JAKARTA
00170,PT. PIXEL PERDANA JAYA,JAKARTA
00171,PT. PIXEL PERDANA JAYA,JAKARTA
00172,PT. PIXEL PERDANA JAYA,JAKARTA
00173,PT. PIXEL PERDANA JAYA,JAKARTA
00174,PT. PIXEL PERDANA JAYA,JAKARTA
00175,PT. PIXEL PERDANA JAYA,JAKARTA
00176,PT. PIXEL PERDANA JAYA,JAKARTA
00177,PT. PIXEL PERDANA JAYA,JAKARTA
00178,PT. PIXEL PERDANA JAYA,JAKARTA
00179,PT. PIXEL PERDANA JAYA,JAKARTA
00180,PT. PIXEL PERDANA JAYA,JAKARTA
00181,PT. PIXEL PERDANA JAYA,JAKARTA
00182,PT. PIXEL PERDANA JAYA,JAKARTA
00183,PT. PIXEL PERDANA JAYA,JAKARTA
00184,PT. PIXEL PERDANA JAYA,JAKARTA
00185,PT. PIXEL PERDANA JAYA,JAKARTA
00186,PT. PIXEL PERDANA JAYA,JAKARTA
00187,PT. PIXEL PERDANA JAYA,JAKARTA
00188,PT. PIXEL PERDANA JAYA,JAKARTA
00189,PT. PIXEL PERDANA JAYA,JAKARTA
00190,PT. PIXEL PERDANA JAYA,JAKARTA
00191,PT. PIXEL PERDANA JAYA,JAKARTA
00192,PT. SURYA ANUGERAH SEJAHTERA,JAKARTA
00193,PT. SENTRAL ELC,JAKARTA
00194,PT. SENTRAL ELC,JAKARTA
00195,PT. SENTRAL ELC,JAKARTA
00196,PT. SENTRAL ELC,JAKARTA
00197,PT. SENTRAL ELC,JAKARTA
00198,PT. SENTRAL ELC,JAKARTA
00199,PT. SENTRAL ELC,JAKARTA
00200,PT. SENTRAL ELC,JAKARTA
00201,PT. SENTRAL ELC,JAKARTA
00202,PT. SENTRAL ELC,JAKARTA
00203,PT. SENTRAL ELC,JAKARTA
00204,PT. SENTRAL ELC,JAKARTA
00205,PT. SENTRAL ELC,JAKARTA
00206,PT. SENTRAL ELC,JAKARTA
00207,PT. SENTRAL ELC,JAKARTA
00208,PT. SENTRAL ELC,JAKARTA
00209,PT. SENTRAL ELC,JAKARTA
00210,PT. SENTRAL ELC,JAKARTA
00211,PT. SENTRAL ELC,JAKARTA
00212,PT. SENTRAL ELC,JAKARTA
00213,PT. SUMBER IRAMA SEJAHTERA,JAKARTA
00214,PT. SUMBER IRAMA SEJAHTERA,JAKARTA
00215,PT. SUMBER IRAMA SEJAHTERA,JAKARTA
00216,PT. SUMBER IRAMA SEJAHTERA,JAKARTA
00217,PT. SUMBER IRAMA SEJAHTERA,JAKARTA
00218,PT. SUMBER IRAMA SEJAHTERA,JAKARTA
00219,PT. SUMBER IRAMA SEJAHTERA,JAKARTA
00220,PT. SUMBER IRAMA SEJAHTERA,JAKARTA
00221,PT. SUMBER IRAMA SEJAHTERA,JAKARTA
00222,PT. SUMBER IRAMA SEJAHTERA,JAKARTA
00223,PT. SUMBER IRAMA SEJAHTERA,JAKARTA
00224,PT. SUMBER IRAMA SEJAHTERA,JAKARTA
00225,PT. SUMBER IRAMA SEJAHTERA,JAKARTA
00226,PT. SUMBER IRAMA SEJAHTERA,JAKARTA
00227,PT. SUMBER IRAMA SEJAHTERA,JAKARTA
00228,PT. SUMBER IRAMA SEJAHTERA,JAKARTA
00229,PT. SUMBER IRAMA SEJAHTERA,JAKARTA
00230,PT. SUMBER IRAMA SEJAHTERA,JAKARTA
00231,PT. SUMBER IRAMA SEJAHTERA,JAKARTA
00232,PT. SUMBER IRAMA SEJAHTERA,JAKARTA
00233,PT. SUMBER IRAMA SEJAHTERA,JAKARTA
00234,PT. SUMBER IRAMA SEJAHTERA,JAKARTA
00235,PT. SUMBER IRAMA SEJAHTERA,JAKARTA
00236,PT. SUMBER IRAMA SEJAHTERA,JAKARTA
00237,PT. SUMBER IRAMA SEJAHTERA,JAKARTA
00238,PT. SUKSES MAKMUR SOLUSI,JAKARTA
00239,PT. SUKSES MAKMUR SOLUSI,JAKARTA
00240,PT. SUKSES MAKMUR SOLUSI,JAKARTA
00241,PT. SUKSES MAKMUR SOLUSI,JAKARTA
00242,PT. SUKSES MAKMUR SOLUSI,JAKARTA
00243,PT. USAHA LANCAR MANDIRI,JAKARTA
00244,PT. USAHA LANCAR MANDIRI,JAKARTA
00245,PT. USAHA LANCAR MANDIRI,JAKARTA
00246,PT. USAHA LANCAR MANDIRI,JAKARTA
00247,PT. USAHA LANCAR MANDIRI,JAKARTA
00248,PT. USAHA LANCAR MANDIRI,JAKARTA
00249,PT. USAHA LANCAR MANDIRI,JAKARTA
00250,PT. USAHA LANCAR MANDIRI,JAKARTA
00251,PT. USAHA LANCAR MANDIRI,JAKARTA
00252,PT. USAHA LANCAR MANDIRI,JAKARTA
00253,PT. USAHA LANCAR MANDIRI,JAKARTA
00254,PT. USAHA LANCAR MANDIRI,JAKARTA
00255,PT. USAHA LANCAR MANDIRI,JAKARTA
00256,PT. USAHA LANCAR MANDIRI,JAKARTA
00257,PT. USAHA LANCAR MANDIRI,JAKARTA
00258,PT. USAHA LANCAR MANDIRI,JAKARTA
00259,PT. USAHA LANCAR MANDIRI,JAKARTA
00260,PT. USAHA LANCAR MANDIRI,JAKARTA
00261,PT. USAHA LANCAR MANDIRI,JAKARTA
00262,PT. USAHA LANCAR MANDIRI,JAKARTA
00263,PT. USAHA LANCAR MANDIRI,JAKARTA
00264,PT. USAHA LANCAR MANDIRI,JAKARTA
00265,PT. USAHA LANCAR MANDIRI,JAKARTA
00266,PT. USAHA LANCAR MANDIRI,JAKARTA
00267,PT. USAHA LANCAR MANDIRI,JAKARTA
00268,PT. USAHA LANCAR MANDIRI,JAKARTA
00269,PT. USAHA LANCAR MANDIRI,JAKARTA
00270,PT. USAHA LANCAR MANDIRI,JAKARTA
00271,PT SINAR PELANGI ELEKTRONIK,JAKARTA
00272,PT SINAR PELANGI ELEKTRONIK,JAKARTA
00273,PT SINAR PELANGI ELEKTRONIK,JAKARTA
00274,PT RAJAWALI EMAS INTERNASIONAL,JAKARTA
00275,PT RAJAWALI EMAS INTERNASIONAL,JAKARTA
00276,PT RAJAWALI EMAS INTERNASIONAL,JAKARTA
00277,PT RAJAWALI EMAS INTERNASIONAL,JAKARTA
00278,PT RAJAWALI EMAS INTERNASIONAL,JAKARTA
00279,PT RAJAWALI EMAS INTERNASIONAL,JAKARTA
00280,PT RAJAWALI EMAS INTERNASIONAL,JAKARTA
00281,PT RAJAWALI EMAS INTERNASIONAL,JAKARTA
00282,PT RAJAWALI EMAS INTERNASIONAL,JAKARTA
00283,PT RAJAWALI EMAS INTERNASIONAL,JAKARTA
00284,PT RAJAWALI EMAS INTERNASIONAL,JAKARTA
00285,PT RAJAWALI EMAS INTERNASIONAL,JAKARTA
00286,PT RAJAWALI EMAS INTERNASIONAL,JAKARTA
00287,PT RAJAWALI EMAS INTERNASIONAL,JAKARTA
00288,PT RAJAWALI EMAS INTERNASIONAL,JAKARTA
00289,PT RAJAWALI EMAS INTERNASIONAL,JAKARTA
00290,PT RAJAWALI EMAS INTERNASIONAL,JAKARTA
00291,PT RAJAWALI EMAS INTERNASIONAL,JAKARTA
00292,PT RAJAWALI EMAS INTERNASIONAL,JAKARTA
00293,PT RAJAWALI EMAS INTERNASIONAL,JAKARTA
00294,PT RAJAWALI EMAS INTERNASIONAL,JAKARTA
00295,PT RAJAWALI EMAS INTERNASIONAL,JAKARTA
00296,PT RAJAWALI EMAS INTERNASIONAL,JAKARTA
00297,PT RAJAWALI EMAS INTERNASIONAL,JAKARTA
00298,PT RAJAWALI EMAS INTERNASIONAL,JAKARTA
00299,PT RAJAWALI EMAS INTERNASIONAL,JAKARTA
00300,PT RAJAWALI EMAS INTERNASIONAL,JAKARTA
00301,PT RAJAWALI EMAS INTERNASIONAL,JAKARTA
00302,PT RAJAWALI EMAS INTERNASIONAL,JAKARTA
00303,PT RAJAWALI EMAS INTERNASIONAL,JAKARTA
00304,PT RAJAWALI EMAS INTERNASIONAL,JAKARTA
00305,PT RAJAWALI EMAS INTERNASIONAL,JAKARTA
00306,PT RAJAWALI EMAS INTERNASIONAL,JAKARTA
00307,PT RAJAWALI EMAS INTERNASIONAL,JAKARTA
00308,PT RAJAWALI EMAS INTERNASIONAL,JAKARTA
00309,PT RAJAWALI EMAS INTERNASIONAL,JAKARTA
00310,PT RAJAWALI EMAS INTERNASIONAL,JAKARTA
00311,PT RAJAWALI EMAS INTERNASIONAL,JAKARTA
00312,PT RAJAWALI EMAS INTERNASIONAL,JAKARTA
00313,PT RAJAWALI EMAS INTERNASIONAL,JAKARTA
00314,PT RAJAWALI EMAS INTERNASIONAL,JAKARTA
00315,PT RAJAWALI EMAS INTERNASIONAL,JAKARTA
00316,PT RAJAWALI EMAS INTERNASIONAL,JAKARTA
00317,PT RAJAWALI EMAS INTERNASIONAL,JAKARTA
00318,PT RAJAWALI EMAS INTERNASIONAL,JAKARTA
00319,PT RAJAWALI EMAS INTERNASIONAL,JAKARTA
00320,PT RAJAWALI EMAS INTERNASIONAL,JAKARTA
00321,PT RAJAWALI EMAS INTERNASIONAL,JAKARTA
00322,PT RAJAWALI EMAS INTERNASIONAL,JAKARTA
00323,PT RAJAWALI EMAS INTERNASIONAL,JAKARTA
00324,PT SUPER PERKASA MANDIRI,JAKARTA
00325,PT SUPER PERKASA MANDIRI,JAKARTA
00326,PT. SENTRAL ELC,PONTIANAK
00327,PT. SENTRAL ELC,PONTIANAK
00328,PT. SENTRAL ELC,PONTIANAK
00329,PT. SENTRAL ELC,PONTIANAK
00330,PT. SENTRAL ELC,PONTIANAK
00331,PT. SENTRAL ELC,PONTIANAK
00332,PT. SENTRAL ELC,PONTIANAK
00333,PT. SENTRAL ELC,PONTIANAK
00334,PT. SENTRAL ELC,PONTIANAK
00335,PT. SENTRAL ELC,PONTIANAK
00336,PT. SENTRAL ELC,PONTIANAK
00337,PT. SENTRAL ELC,PONTIANAK
00338,PT. SENTRAL ELC,PONTIANAK
00339,PT. SENTRAL ELC,PONTIANAK
00340,PT. SENTRAL ELC,PONTIANAK
00341,PT. SENTRAL ELC,PONTIANAK
00342,PT. SENTRAL ELC,PONTIANAK
00343,PT. SENTRAL ELC,PONTIANAK
00344,PT. SENTRAL ELC,PONTIANAK
00345,PT. SENTRAL ELC,PONTIANAK
00346,CITRA ELECTRONIC BANGKA,PALEMBANG
00347,CITRA ELECTRONIC BANGKA,PALEMBANG
00348,CITRA ELECTRONIC BANGKA,PALEMBANG
00349,CITRA ELECTRONIC BANGKA,PALEMBANG
00350,CITRA ELECTRONIC BANGKA,PALEMBANG
00351,CITRA ELECTRONIC BANGKA,PALEMBANG
00352,CITRA ELECTRONIC BANGKA,PALEMBANG
00353,PT. SENTRAL ELC,BANDUNG
00354,PT. SENTRAL ELC,BANDUNG
00355,PT. SENTRAL ELC,BANDUNG
00356,PT. SENTRAL ELC,BANDUNG
00357,PT. SENTRAL ELC,BANDUNG
00358,PT. SENTRAL ELC,BANDUNG
00359,PT. SENTRAL ELC,BANDUNG
00360,PT. SENTRAL ELC,BANDUNG
00361,PT. SENTRAL ELC,BANDUNG
00362,PT. SENTRAL ELC,BANDUNG
00363,PT. SENTRAL ELC,BANDUNG
00364,PT. SENTRAL ELC,BANDUNG
00365,PT. SENTRAL ELC,BANDUNG
00366,PT. SENTRAL ELC,BANDUNG
00367,PT. SENTRAL ELC,BANDUNG
00368,PT. SENTRAL ELC,BANDUNG
00369,PT. SENTRAL ELC,BANDUNG
00370,PT. SENTRAL ELC,BANDUNG
00371,PT. SENTRAL ELC,BANDUNG
00372,PT. SENTRAL ELC,BANDUNG
00373,PT. SENTRAL ELC,BANDUNG
00374,PT. SENTRAL ELC,BANDUNG
00375,PT. SENTRAL ELC,BANDUNG
00376,PT. SENTRAL ELC,BANDUNG
00377,PT. SENTRAL ELC,BANDUNG
00378,PT. SENTRAL ELC,BANDUNG
00379,PT. SENTRAL ELC,BANDUNG
00380,CV. MAKMUR ABADI,BANDUNG
00381,CV. MAKMUR ABADI,BANDUNG
00382,PT. MITRA ELECTRONIC PERKASA,BANDUNG
00383,PT. MITRA ELECTRONIC PERKASA,BANDUNG
00384,PT. MITRA ELECTRONIC PERKASA,BANDUNG
00385,PT. MITRA ELECTRONIC PERKASA,BANDUNG
00386,PT. MITRA ELECTRONIC PERKASA,BANDUNG
00387,PT. MITRA ELECTRONIC PERKASA,BANDUNG
00388,PT. MITRA ELECTRONIC PERKASA,BANDUNG
00389,PT. MITRA ELECTRONIC PERKASA,BANDUNG
00390,PT. MITRA ELECTRONIC PERKASA,BANDUNG
00391,PT. MITRA ELECTRONIC PERKASA,BANDUNG
00392,PT. MITRA ELECTRONIC PERKASA,BANDUNG
00393,CV. PUSAKA NIAGA PERKASA,BANDUNG
00394,CV. PUSAKA NIAGA PERKASA,BANDUNG
00395,CV. PUSAKA NIAGA PERKASA,BANDUNG
00396,CV. PUSAKA NIAGA PERKASA,BANDUNG
00397,CV. PUSAKA NIAGA PERKASA,BANDUNG
00398,CV. PUSAKA NIAGA PERKASA,BANDUNG
00399,CV. PUSAKA NIAGA PERKASA,BANDUNG
00400,CV. PUSAKA NIAGA PERKASA,BANDUNG
00401,CV. PUSAKA NIAGA PERKASA,BANDUNG
00402,CV. PUSAKA NIAGA PERKASA,BANDUNG
00403,CV. PUSAKA NIAGA PERKASA,BANDUNG
00404,CV. PUSAKA NIAGA PERKASA,BANDUNG
00405,CV. PUSAKA NIAGA PERKASA,BANDUNG
00406,CV. PUSAKA NIAGA PERKASA,BANDUNG
00407,CV. PUSAKA NIAGA PERKASA,BANDUNG
00408,CV. PUSAKA NIAGA PERKASA,BANDUNG
00409,CV. PUSAKA NIAGA PERKASA,BANDUNG
00410,CV. PUSAKA NIAGA PERKASA,BANDUNG
00411,CV TRANS JAYA ELEKTRONIK,BANDUNG
00412,CV TRANS JAYA ELEKTRONIK,BANDUNG
00413,CV TRANS JAYA ELEKTRONIK,BANDUNG
00414,CV TRANS JAYA ELEKTRONIK,BANDUNG
00415,CV TRANS JAYA ELEKTRONIK,BANDUNG
00416,CV. CENTRAL ELEKTRONIK,SEMARANG
00417,CV. CENTRAL ELEKTRONIK,SEMARANG
00418,CV. CENTRAL ELEKTRONIK,SEMARANG
00419,CV.GAMA MANDIRI,SEMARANG
00420,CV.GAMA MANDIRI,SEMARANG
00421,CV. KENCANA ARTHA SEJAHTERA,SEMARANG
00422,CV. KENCANA ARTHA SEJAHTERA,SEMARANG
00423,CV. KENCANA ARTHA SEJAHTERA,SEMARANG
00424,CV. KENCANA ARTHA SEJAHTERA,SEMARANG
00425,CV. KENCANA ARTHA SEJAHTERA,SEMARANG
00426,CV. KENCANA ARTHA SEJAHTERA,SEMARANG
00427,CV. KENCANA ARTHA SEJAHTERA,SEMARANG
00428,CV. KENCANA ARTHA SEJAHTERA,SEMARANG
00429,CV. KENCANA ARTHA SEJAHTERA,SEMARANG
00430,CV. KENCANA ARTHA SEJAHTERA,SEMARANG
00431,CV. KENCANA ARTHA SEJAHTERA,SEMARANG
00432,CV. KENCANA ARTHA SEJAHTERA,SEMARANG
00433,CV. KENCANA ARTHA SEJAHTERA,SEMARANG
00434,CV. KENCANA ARTHA SEJAHTERA,SEMARANG
00435,HARIYANTO HUDIONO FX,SEMARANG
00436,CV. ATLANTA,SEMARANG
00437,CV. ATLANTA,SEMARANG
00438,CV. ATLANTA,SEMARANG
00439,CV. ATLANTA,SEMARANG
00440,CV. ATLANTA,SEMARANG
00441,CV. ATLANTA,SEMARANG
00442,CV. ATLANTA,SEMARANG
00443,CV. ATLANTA,SEMARANG
00444,CV. ATLANTA,SEMARANG
00445,CV. ATLANTA,SEMARANG
00446,CV. ATLANTA,SEMARANG
00447,CV. ATLANTA,SEMARANG
00448,CV. ATLANTA,SEMARANG
00449,CV. ATLANTA,SEMARANG
00450,CV. ATLANTA,SEMARANG
00451,CV. ATLANTA,SEMARANG
00452,CV. ATLANTA,SEMARANG
00453,CV. ATLANTA,SEMARANG
00454,CV. ATLANTA,SEMARANG
00455,CV. ATLANTA,SEMARANG
00456,CV ERA PERKASA,SEMARANG
00457,CV ERA PERKASA,SEMARANG
00458,CV ERA PERKASA,SEMARANG
00459,CV ERA PERKASA,SEMARANG
00460,CV ERA PERKASA,SEMARANG
00461,CV. BERDIKARI JAYA,SURABAYA
00462,CV. BERDIKARI JAYA,SURABAYA
00463,CV. BERDIKARI JAYA,SURABAYA
00464,CV. BERDIKARI JAYA,SURABAYA
00465,CV. BERDIKARI JAYA,SURABAYA
00466,CV. BERDIKARI JAYA,SURABAYA
00467,CV. BERDIKARI JAYA,SURABAYA
00468,CV. BERDIKARI JAYA,SURABAYA
00469,CV. BERDIKARI JAYA,SURABAYA
00470,CV. BERDIKARI JAYA,SURABAYA
00471,CV. BERDIKARI JAYA,SURABAYA
00472,CV. BERDIKARI JAYA,SURABAYA
00473,CV. BERDIKARI JAYA,SURABAYA
00474,CV. BERDIKARI JAYA,SURABAYA
00475,CV. BERDIKARI JAYA,SURABAYA
00476,CV. BERDIKARI JAYA,SURABAYA
00477,CV. BERDIKARI JAYA,SURABAYA
00478,CV. BERDIKARI JAYA,SURABAYA
00479,CV. BERDIKARI JAYA,SURABAYA
00480,CV. BERDIKARI JAYA,SURABAYA
00481,CV. BERDIKARI JAYA,SURABAYA
00482,CV. BERDIKARI JAYA,SURABAYA
00483,CV. BERDIKARI JAYA,SURABAYA
00484,CV. BERDIKARI JAYA,SURABAYA
00485,CV. BERDIKARI JAYA,SURABAYA
00486,CV. BERDIKARI JAYA,SURABAYA
00487,CV. BANDUNG GEMILANG SENTOSA,SURABAYA
00488,CV. BANDUNG GEMILANG SENTOSA,SURABAYA
00489,CV. BANDUNG GEMILANG SENTOSA,SURABAYA
00490,CV. BANDUNG GEMILANG SENTOSA,SURABAYA
00491,CV. BANDUNG GEMILANG SENTOSA,SURABAYA
00492,CV. BANDUNG GEMILANG SENTOSA,SURABAYA
00493,CV. BANDUNG GEMILANG SENTOSA,SURABAYA
00494,CV. BANDUNG GEMILANG SENTOSA,SURABAYA
00495,CV. BANDUNG GEMILANG SENTOSA,SURABAYA
00496,CV. BANDUNG GEMILANG SENTOSA,SURABAYA
00497,PT. HATSONSURYA ELECTRIC,SURABAYA
00498,PT. HATSONSURYA ELECTRIC,SURABAYA
00499,PT. HATSONSURYA ELECTRIC,SURABAYA
00500,PT. HATSONSURYA ELECTRIC,SURABAYA
00501,PT. HATSONSURYA ELECTRIC,SURABAYA
00502,PT. HATSONSURYA ELECTRIC,SURABAYA
00503,PT. HATSONSURYA ELECTRIC,SURABAYA
00504,PT. HATSONSURYA ELECTRIC,SURABAYA
00505,PT. HATSONSURYA ELECTRIC,SURABAYA
00506,PT. HATSONSURYA ELECTRIC,SURABAYA
00507,PT. HATSONSURYA ELECTRIC,SURABAYA
00508,PT. HATSONSURYA ELECTRIC,SURABAYA
00509,CV. JAYA ABADI,SURABAYA
00510,CV. JAYA ABADI,SURABAYA
00511,CV. JAYA ABADI,SURABAYA
00512,PT. KENCANA MULIA JAYA MAKMUR,SURABAYA
00513,PT. KENCANA MULIA JAYA MAKMUR,SURABAYA
00514,PT. KENCANA MULIA JAYA MAKMUR,SURABAYA
00515,PT. PRIMA SUKSES ELEKTRONIK,SURABAYA
00516,PT. PRIMA SUKSES ELEKTRONIK,SURABAYA
00517,CV. SLEVINDO HARMONY,SURABAYA
00518,CV. SLEVINDO HARMONY,SURABAYA
00519,CV. SLEVINDO HARMONY,SURABAYA
00520,PT DAMAI SEJAHTERA ABADI,SURABAYA
